{
  "rows": 10000,
  "cols": 14,
  "plan_type_dist": "{'Prepaid': 61.08, 'Postpaid': 38.92}",
  "target_top5": {
    "count": {
      "3": 6070,
      "1": 1502,
      "0": 797,
      "4": 761,
      "7": 370
    },
    "pct": {
      "3": 60.7,
      "1": 15.02,
      "0": 7.97,
      "4": 7.61,
      "7": 3.7
    }
  },
  "fi_top5": {
    "feature": {
      "0": NaN,
      "1": "monthly_spend",
      "2": "complaint_count",
      "3": "device_brand",
      "4": "pct_video_usage"
    },
    "importance": {
      "0": 0.0,
      "1": 0.2654874659913027,
      "2": 0.1778636095203732,
      "3": 0.1714336471169638,
      "4": 0.1385765045602008
    }
  },
  "monthly_spend_top_corr": {
    "avg_data_usage_gb": 0.9017162342193797,
    "target_offer": -0.5511015567568467,
    "spend_per_topup": 0.5414792863890473,
    "data_per_spend": 0.4237252808951301,
    "pct_video_usage": 0.011499363321639408
  },
  "mannwhitney": "{'p_value': np.float64(0.45300630612738246), 'median_postpaid': np.float64(102000.0), 'median_prepaid': np.float64(103000.0)}",
  "chi_square": "{'p_value': np.float64(0.8783180435599816), 'top_standardized_residuals': {('Vivo', 'Postpaid'): 0.689499956360039, ('Oppo', 'Postpaid'): -0.6548998153171215, ('Vivo', 'Prepaid'): -0.550390773064811, ('Apple', 'Postpaid'): -0.5352356380772286}}",
  "engineered_cost_medians": "cost_per_gb not present in base df_cleaned only"
}